Date,NumberGroceryShop,NumberGroceryOnline,NumberNongroceryShop,NumberNongroceryOnline,RevenueGrocery,RevenueNongrocery
2021-01-01,35177.0,4646.0,18076.0,4300.0,196.767,146.871
2021-01-02,35517.0,6041.0,20244.0,4030.0,208.351,165.554
2021-01-03,33939.0,4425.0,19882.0,6605.0,190.808,179.886
2021-01-04,30668.0,1719.0,17086.0,5379.0,158.519,150.711
2021-01-05,27784.0,4592.0,20060.0,6415.0,161.383,175.112
2021-01-06,26686.0,2561.0,17260.0,3958.0,148.26,144.172
2021-01-07,32182.0,4040.0,18554.0,5008.0,183.231,159.238
2021-01-08,31852.0,5163.0,19236.0,5820.0,182.201,168.537
2021-01-09,34849.0,2447.0,18083.0,6717.0,187.78,162.999
2021-01-10,35522.0,4573.0,19854.0,3972.0,196.037,162.019
2021-01-11,27978.0,3310.0,19137.0,5228.0,158.416,169.992
2021-01-12,28692.0,5420.0,17241.0,3354.0,168.404,137.795
2021-01-13,25171.0,2549.0,17900.0,3463.0,135.714,143.028
2021-01-14,30378.0,4335.0,19699.0,6013.0,169.118,177.022
2021-01-15,31288.0,4315.0,19887.0,5169.0,183.226,166.539
2021-01-16,35586.0,3892.0,17668.0,4921.0,193.109,151.113
2021-01-17,35087.0,4363.0,18514.0,4468.0,198.724,157.114
2021-01-18,29665.0,3624.0,20222.0,7963.0,167.641,193.049
2021-01-19,26081.0,4060.0,17960.0,5225.0,150.758,159.265
2021-01-20,25346.0,2657.0,19356.0,3967.0,140.123,159.8
2021-01-21,30772.0,4363.0,18734.0,6482.0,174.009,171.74
2021-01-22,31714.0,3034.0,19768.0,5010.0,174.785,165.401
2021-01-23,34546.0,4098.0,19862.0,5345.0,198.003,176.749
2021-01-24,33280.0,6423.0,18967.0,6478.0,204.2,175.474
2021-01-25,30478.0,4929.0,18944.0,5230.0,175.62,163.831
2021-01-26,27783.0,3700.0,21754.0,7840.0,156.832,197.328
2021-01-27,26101.0,2889.0,19481.0,2518.0,143.881,148.43
2021-01-28,31598.0,4370.0,18607.0,5526.0,178.576,163.243
2021-01-29,35333.0,5589.0,19203.0,5691.0,200.507,169.883
2021-01-30,36927.0,4968.0,20672.0,5700.0,212.695,176.135
2021-01-31,33603.0,4738.0,18790.0,6260.0,191.791,167.039
2021-02-01,28867.0,4391.0,19427.0,6298.0,171.865,173.788
2021-02-02,27005.0,3770.0,17797.0,5318.0,156.594,158.833
2021-02-03,24077.0,2889.0,18803.0,5108.0,131.302,160.577
2021-02-04,30583.0,2640.0,18181.0,7705.0,167.789,174.744
2021-02-05,35766.0,4944.0,19668.0,5348.0,205.8,170.388
2021-02-06,35372.0,4635.0,18159.0,4421.0,199.663,156.499
2021-02-07,35019.0,3857.0,17939.0,5051.0,200.201,157.296
2021-02-08,29690.0,2679.0,19886.0,5074.0,163.371,168.821
2021-02-09,26162.0,3276.0,21062.0,4324.0,148.701,175.84
2021-02-10,28462.0,4094.0,18882.0,3819.0,162.89,149.197
2021-02-11,27257.0,4235.0,20816.0,7412.0,156.654,191.622
2021-02-12,37078.0,3643.0,19491.0,2926.0,210.205,149.567
2021-02-13,35112.0,5809.0,18439.0,5378.0,206.445,159.192
2021-02-14,33555.0,4055.0,17894.0,6036.0,193.392,160.816
2021-02-15,30201.0,6056.0,20083.0,5031.0,184.81,168.725
2021-02-16,26231.0,3138.0,19187.0,2949.0,148.827,146.234
2021-02-17,28003.0,3676.0,18568.0,4745.0,160.092,156.167
2021-02-18,30170.0,3666.0,19112.0,5878.0,167.122,171.413
2021-02-19,32377.0,4273.0,19328.0,4902.0,187.037,161.762
2021-02-20,37841.0,4370.0,18879.0,1547.0,209.8,137.123
2021-02-21,33340.0,4373.0,16444.0,5662.0,191.371,145.311
2021-02-22,30526.0,4021.0,18437.0,7770.0,172.155,178.337
2021-02-23,27979.0,2697.0,18194.0,4127.0,151.766,153.041
2021-02-24,24304.0,3674.0,18944.0,5809.0,139.465,168.424
2021-02-25,31641.0,4713.0,18595.0,4149.0,183.956,159.928
2021-02-26,33446.0,2940.0,19116.0,5210.0,182.119,162.278
2021-02-27,35242.0,5453.0,18900.0,6159.0,209.91,175.629
2021-02-28,33554.0,4202.0,19039.0,4412.0,191.882,157.017
2021-03-01,28671.0,4335.0,20521.0,6054.0,165.749,180.311
2021-03-02,25926.0,3766.0,18278.0,5724.0,151.027,162.542
2021-03-03,27172.0,3072.0,19209.0,4839.0,154.345,161.462
2021-03-04,30886.0,2698.0,17837.0,2976.0,169.443,142.221
2021-03-05,32821.0,4610.0,18950.0,5494.0,195.122,170.336
2021-03-06,37803.0,5424.0,18991.0,6729.0,214.278,172.621
2021-03-07,35782.0,4169.0,18484.0,4578.0,201.539,155.479
2021-03-08,29940.0,3935.0,18674.0,4730.0,172.742,163.75
2021-03-09,24046.0,5409.0,19546.0,5147.0,148.965,171.49
2021-03-10,26811.0,5439.0,20016.0,5818.0,161.142,173.257
2021-03-11,30538.0,3885.0,19289.0,5215.0,169.234,167.344
2021-03-12,34503.0,3599.0,19676.0,4034.0,196.44,160.169
2021-03-13,35192.0,3571.0,19155.0,3265.0,194.747,151.849
2021-03-14,35112.0,3045.0,20118.0,4139.0,194.778,165.913
2021-03-15,28954.0,3711.0,18331.0,4771.0,162.075,157.486
2021-03-16,27638.0,4090.0,18919.0,3338.0,156.358,149.768
2021-03-17,29776.0,2813.0,17422.0,3995.0,164.54,148.519
2021-03-18,31634.0,3874.0,16922.0,6747.0,180.418,162.194
2021-03-19,34971.0,5156.0,20038.0,5514.0,202.253,178.029
2021-03-20,36238.0,4249.0,19384.0,6620.0,204.408,174.29
2021-03-21,32969.0,3900.0,18927.0,5940.0,184.559,170.76
2021-03-22,27816.0,4229.0,18969.0,6883.0,166.771,175.675
2021-03-23,23521.0,3044.0,20662.0,5352.0,136.587,177.169
2021-03-24,26723.0,3125.0,18651.0,5152.0,148.65,162.406
2021-03-25,33041.0,4727.0,17549.0,3479.0,188.691,144.053
2021-03-26,37320.0,5927.0,19327.0,3250.0,219.764,154.012
2021-03-27,35891.0,4543.0,20454.0,4463.0,205.34,167.681
2021-03-28,32983.0,3836.0,20231.0,4126.0,185.433,159.775
2021-03-29,30100.0,2858.0,19482.0,5137.0,163.71,168.149
2021-03-30,25166.0,4764.0,19028.0,5783.0,155.407,169.541
2021-03-31,27092.0,3770.0,19821.0,5128.0,160.485,164.06
2021-04-01,30836.0,5166.0,20175.0,3399.0,180.781,163.171
2021-04-02,35190.0,4312.0,20276.0,4707.0,207.089,168.296
2021-04-03,40021.0,5232.0,21109.0,5611.0,231.734,183.675
2021-04-04,37337.0,4552.0,19925.0,5816.0,211.217,173.173
2021-04-05,30156.0,5481.0,17655.0,6582.0,175.884,166.237
2021-04-06,26952.0,3815.0,17515.0,7159.0,154.311,164.804
2021-04-07,25648.0,2967.0,18761.0,5248.0,148.457,167.235
2021-04-08,27901.0,3037.0,18918.0,3529.0,159.922,156.736
2021-04-09,31976.0,4953.0,17666.0,4685.0,184.099,152.089
2021-04-10,34215.0,2272.0,18461.0,4943.0,183.863,159.525
2021-04-11,30921.0,3616.0,17187.0,5636.0,171.785,156.386
2021-04-12,30200.0,4264.0,19146.0,5476.0,172.358,165.332
2021-04-13,26407.0,4628.0,19129.0,3259.0,152.26,151.007
2021-04-14,26226.0,3443.0,19185.0,7582.0,149.392,181.435
2021-04-15,29308.0,5017.0,18989.0,3833.0,175.519,153.659
2021-04-16,36314.0,4445.0,18605.0,5692.0,211.334,164.799
2021-04-17,34947.0,3450.0,18098.0,4482.0,197.786,156.516
2021-04-18,32293.0,3402.0,19158.0,5448.0,178.211,168.779
2021-04-19,31321.0,4625.0,19127.0,6436.0,188.229,175.972
2021-04-20,27902.0,2204.0,19026.0,5542.0,150.976,170.454
2021-04-21,27235.0,4421.0,18319.0,4178.0,161.629,149.57
2021-04-22,30005.0,4147.0,17927.0,4226.0,175.045,146.158
2021-04-23,35843.0,3660.0,20149.0,4584.0,196.441,170.108
2021-04-24,38454.0,3256.0,18717.0,4194.0,213.108,151.78
2021-04-25,34185.0,4315.0,20221.0,6022.0,195.502,179.449
2021-04-26,26373.0,2304.0,17864.0,7011.0,139.433,168.584
2021-04-27,24877.0,1665.0,18516.0,4987.0,133.905,159.277
2021-04-28,25466.0,3548.0,19252.0,4824.0,148.192,162.49
2021-04-29,28070.0,3634.0,20012.0,6567.0,161.408,182.737
2021-04-30,34453.0,5596.0,18296.0,7327.0,207.482,178.004
2021-05-01,34626.0,4038.0,18618.0,7451.0,192.746,175.714
2021-05-02,33361.0,5186.0,19055.0,7048.0,196.862,180.082
2021-05-03,29022.0,4578.0,19043.0,5655.0,167.781,169.643
2021-05-04,26717.0,5278.0,20308.0,5384.0,163.296,175.542
2021-05-05,29084.0,4977.0,19672.0,5002.0,171.626,168.038
2021-05-06,31433.0,2769.0,19767.0,5306.0,176.102,169.592
2021-05-07,36046.0,4000.0,18073.0,5533.0,200.61,159.475
2021-05-08,35930.0,4535.0,18596.0,4319.0,204.442,161.604
2021-05-09,36300.0,4489.0,19520.0,2740.0,209.902,149.242
2021-05-10,30991.0,3777.0,20011.0,4050.0,172.904,162.131
2021-05-11,25594.0,3351.0,20040.0,4002.0,146.932,169.963
2021-05-12,27691.0,4448.0,18481.0,4983.0,164.088,159.728
2021-05-13,31276.0,3052.0,19322.0,6693.0,174.542,176.702
2021-05-14,35128.0,3765.0,19194.0,4390.0,194.065,161.037
2021-05-15,38465.0,5283.0,20360.0,4297.0,214.931,163.746
2021-05-16,34590.0,4638.0,18501.0,5471.0,201.239,168.411
2021-05-17,30034.0,4503.0,18861.0,5466.0,174.352,166.383
2021-05-18,30055.0,4877.0,18834.0,6391.0,174.875,172.906
2021-05-19,28641.0,2465.0,18602.0,3861.0,157.174,151.808
2021-05-20,31218.0,5232.0,19885.0,6876.0,183.363,182.127
2021-05-21,32040.0,3078.0,19310.0,4304.0,185.92,166.33
2021-05-22,36753.0,5341.0,18363.0,5204.0,219.87,156.055
2021-05-23,37513.0,2578.0,20324.0,4881.0,209.955,174.937
2021-05-24,31252.0,4978.0,18779.0,5685.0,186.361,161.155
2021-05-25,28416.0,2585.0,19855.0,4304.0,150.023,165.142
2021-05-26,23974.0,2526.0,20782.0,6148.0,134.693,182.787
2021-05-27,28250.0,3766.0,18535.0,3962.0,164.177,151.123
2021-05-28,32505.0,3591.0,20825.0,5477.0,182.867,178.186
2021-05-29,34857.0,3365.0,21078.0,4738.0,192.549,175.091
2021-05-30,33929.0,3565.0,21916.0,4842.0,196.407,185.898
2021-05-31,28934.0,4124.0,21498.0,5974.0,167.786,193.006
2021-06-01,26522.0,2926.0,19135.0,5886.0,150.681,169.635
2021-06-02,29297.0,4514.0,21682.0,6043.0,170.298,189.439
2021-06-03,27494.0,918.0,21310.0,5970.0,144.618,188.384
2021-06-04,33588.0,3599.0,22249.0,7427.0,195.991,206.278
2021-06-05,37596.0,4744.0,22101.0,7138.0,222.047,199.177
2021-06-06,33239.0,3264.0,22026.0,6556.0,184.504,193.643
2021-06-07,28336.0,3661.0,22002.0,6373.0,163.173,200.89
2021-06-08,23464.0,3959.0,24038.0,6871.0,141.7,207.66
2021-06-09,28608.0,4388.0,21862.0,6160.0,168.722,190.284
2021-06-10,28891.0,5887.0,22886.0,3990.0,176.445,186.57
2021-06-11,34174.0,3262.0,22817.0,5112.0,187.324,197.466
2021-06-12,35173.0,4958.0,23927.0,4867.0,200.602,204.606
2021-06-13,32518.0,4007.0,24459.0,6875.0,181.839,216.367
2021-06-14,29396.0,3847.0,23570.0,6292.0,165.358,212.546
2021-06-15,24946.0,4187.0,25194.0,6057.0,149.177,218.07
2021-06-16,27840.0,4337.0,23072.0,8027.0,166.386,212.975
2021-06-17,30583.0,5480.0,25303.0,8133.0,182.407,232.087
2021-06-18,35115.0,6376.0,24968.0,9126.0,221.321,241.328
2021-06-19,35285.0,5382.0,24587.0,8290.0,210.119,226.131
2021-06-20,36420.0,5059.0,25737.0,3482.0,218.534,202.008
2021-06-21,29135.0,3460.0,27506.0,8931.0,165.32,256.701
2021-06-22,29198.0,4702.0,27094.0,6218.0,173.803,225.649
2021-06-23,28797.0,3984.0,24984.0,8267.0,165.935,233.874
2021-06-24,30692.0,2565.0,26003.0,8276.0,173.19,245.488
2021-06-25,34541.0,4493.0,26219.0,7566.0,202.309,233.324
2021-06-26,33282.0,5123.0,26920.0,6041.0,196.091,230.99
2021-06-27,35887.0,4748.0,26046.0,8626.0,211.372,240.788
2021-06-28,25839.0,3559.0,28835.0,8875.0,149.193,258.82
2021-06-29,26895.0,4581.0,27761.0,4937.0,161.119,226.783
2021-06-30,26852.0,3364.0,28093.0,7042.0,156.733,241.594
2021-07-01,31481.0,4343.0,28323.0,9686.0,181.752,258.769
2021-07-02,33361.0,4633.0,25408.0,8046.0,195.385,234.661
2021-07-03,33369.0,4088.0,26578.0,6314.0,195.717,231.373
2021-07-04,35592.0,3245.0,26538.0,7250.0,191.197,238.232
2021-07-05,30767.0,4032.0,26862.0,5720.0,180.177,224.654
2021-07-06,29026.0,5510.0,26071.0,8090.0,174.699,233.967
2021-07-07,26968.0,2311.0,28612.0,7503.0,154.482,249.656
2021-07-08,28981.0,3917.0,27575.0,6017.0,171.107,235.092
2021-07-09,33965.0,2791.0,26816.0,6760.0,194.792,229.004
2021-07-10,39507.0,3578.0,26240.0,7639.0,224.638,236.725
2021-07-11,32963.0,3552.0,27776.0,4992.0,183.279,226.876
2021-07-12,30717.0,3436.0,25697.0,6802.0,176.403,223.952
2021-07-13,28522.0,2076.0,25571.0,5549.0,157.402,213.968
2021-07-14,24664.0,2354.0,24925.0,6173.0,140.575,216.731
2021-07-15,29084.0,3940.0,24747.0,6174.0,172.62,219.048
2021-07-16,35831.0,4803.0,24819.0,5729.0,210.943,212.228
2021-07-17,38472.0,4874.0,24432.0,8262.0,226.352,222.871
2021-07-18,33848.0,3851.0,26356.0,8634.0,198.2,243.019
2021-07-19,30075.0,5091.0,23313.0,7423.0,180.775,208.165
2021-07-20,28310.0,2959.0,24842.0,7108.0,162.356,217.005
2021-07-21,27008.0,1154.0,24115.0,3747.0,146.803,188.425
2021-07-22,30314.0,4107.0,22911.0,6330.0,183.534,204.243
2021-07-23,34785.0,4412.0,23805.0,6330.0,205.24,204.752
2021-07-24,35858.0,4990.0,24380.0,5662.0,211.662,203.285
2021-07-25,31957.0,4047.0,22024.0,6978.0,186.599,206.154
2021-07-26,31901.0,3956.0,21956.0,8742.0,192.262,204.492
2021-07-27,27639.0,5380.0,22301.0,6729.0,163.743,193.517
2021-07-28,25995.0,4912.0,22901.0,7210.0,150.743,211.431
2021-07-29,30000.0,4336.0,21930.0,5319.0,180.984,183.323
2021-07-30,34461.0,4066.0,22455.0,5455.0,203.753,186.403
2021-07-31,35454.0,6313.0,21894.0,6277.0,206.471,201.118
2021-08-01,34477.0,3180.0,20833.0,5778.0,192.815,179.569
2021-08-02,31353.0,3157.0,21450.0,7369.0,172.72,198.288
2021-08-03,22431.0,4535.0,20873.0,6073.0,137.83,185.997
2021-08-04,27802.0,4360.0,20256.0,5519.0,167.08,173.4
2021-08-05,30200.0,2914.0,20822.0,3896.0,168.06,171.886
2021-08-06,31631.0,3790.0,20767.0,7002.0,184.598,191.296
2021-08-07,37220.0,3935.0,19617.0,6425.0,215.285,175.53
2021-08-08,34315.0,2481.0,20409.0,8013.0,191.148,197.681
2021-08-09,30532.0,3032.0,20307.0,4735.0,167.66,167.564
2021-08-10,28150.0,4402.0,20417.0,5572.0,165.694,179.362
2021-08-11,25800.0,3671.0,19371.0,3966.0,150.609,157.183
2021-08-12,29643.0,5564.0,20371.0,4771.0,184.683,172.763
2021-08-13,35845.0,4935.0,20167.0,5752.0,210.072,177.343
2021-08-14,36686.0,3698.0,18605.0,7247.0,209.886,172.614
2021-08-15,34945.0,5331.0,20438.0,6277.0,209.359,182.404
2021-08-16,31616.0,4745.0,18953.0,4776.0,185.717,163.659
2021-08-17,23039.0,3694.0,20389.0,3115.0,138.503,159.051
2021-08-18,29095.0,3401.0,19978.0,2655.0,165.858,154.948
2021-08-19,30673.0,2314.0,18944.0,4195.0,172.192,159.123
2021-08-20,32714.0,3265.0,18154.0,6994.0,188.991,166.647
2021-08-21,36674.0,4980.0,18510.0,5252.0,219.761,161.688
2021-08-22,35130.0,2674.0,20264.0,4050.0,202.902,168.124
2021-08-23,30910.0,3038.0,19855.0,4061.0,169.9,168.178
2021-08-24,25760.0,4374.0,17296.0,4216.0,159.108,145.509
2021-08-25,26723.0,4182.0,18953.0,2106.0,163.334,143.385
2021-08-26,31812.0,2057.0,20319.0,4238.0,172.085,171.571
2021-08-27,36870.0,4205.0,19031.0,8739.0,214.089,191.863
2021-08-28,37177.0,3438.0,16806.0,4668.0,207.618,146.984
2021-08-29,32526.0,4063.0,18712.0,5479.0,191.935,166.35
2021-08-30,28998.0,2961.0,18290.0,3723.0,166.161,155.273
2021-08-31,27257.0,5567.0,19424.0,6364.0,170.539,173.795
2021-09-01,26533.0,5095.0,19007.0,6730.0,160.563,178.498
2021-09-02,30934.0,3982.0,19134.0,5848.0,174.894,174.819
2021-09-03,33101.0,3874.0,18481.0,4838.0,188.556,158.751
2021-09-04,33599.0,3767.0,19943.0,3599.0,198.002,161.621
2021-09-05,34713.0,4828.0,19078.0,5772.0,201.031,169.888
2021-09-06,27829.0,4143.0,18755.0,3882.0,162.812,153.742
2021-09-07,25763.0,3530.0,17976.0,6188.0,148.169,169.923
2021-09-08,26556.0,5575.0,18364.0,5124.0,164.777,160.7
2021-09-09,27205.0,2571.0,18318.0,6127.0,156.313,167.564
2021-09-10,29904.0,5634.0,17559.0,5218.0,182.373,154.534
2021-09-11,35958.0,4463.0,19481.0,5172.0,212.89,165.618
2021-09-12,33276.0,6131.0,20066.0,4766.0,203.022,175.431
2021-09-13,31230.0,3436.0,20628.0,5080.0,183.305,179.693
2021-09-14,27978.0,4135.0,20983.0,6543.0,164.041,192.91
2021-09-15,27311.0,4792.0,19310.0,7536.0,164.473,181.916
2021-09-16,29094.0,3661.0,18201.0,3697.0,173.75,149.639
2021-09-17,30997.0,2857.0,20017.0,4799.0,172.093,169.596
2021-09-18,38641.0,3822.0,18559.0,6542.0,215.38,172.521
2021-09-19,33736.0,3497.0,19529.0,5169.0,192.709,175.895
2021-09-20,29213.0,3713.0,17712.0,6119.0,168.82,163.605
2021-09-21,22755.0,4662.0,19249.0,5000.0,143.564,168.1
2021-09-22,28186.0,2631.0,20122.0,6202.0,157.326,180.355
2021-09-23,29746.0,3986.0,18705.0,4790.0,171.076,160.913
2021-09-24,37412.0,4351.0,19938.0,5857.0,216.278,177.106
2021-09-25,36539.0,3811.0,18980.0,5382.0,212.694,164.823
2021-09-26,39358.0,4085.0,18890.0,4736.0,218.467,161.072
2021-09-27,30521.0,3629.0,18052.0,4749.0,173.176,158.211
2021-09-28,27001.0,5481.0,20167.0,4463.0,164.837,166.011
2021-09-29,27112.0,3318.0,18289.0,3274.0,156.609,150.979
2021-09-30,30558.0,4019.0,18192.0,4266.0,181.214,151.964
2021-10-01,36694.0,3823.0,18009.0,5204.0,205.908,159.738
2021-10-02,34828.0,4876.0,19097.0,4734.0,202.005,160.915
2021-10-03,34735.0,2337.0,19475.0,5612.0,186.737,172.503
2021-10-04,30612.0,3214.0,18343.0,4371.0,181.45,156.611
2021-10-05,26869.0,3846.0,19046.0,5269.0,158.739,168.844
2021-10-06,28432.0,2517.0,18650.0,7080.0,159.882,174.538
2021-10-07,30201.0,4843.0,19688.0,5034.0,182.927,168.784
2021-10-08,32285.0,4376.0,18969.0,4450.0,190.276,163.212
2021-10-09,38025.0,3772.0,19997.0,6085.0,224.262,178.31
2021-10-10,33614.0,5262.0,20478.0,6215.0,197.613,184.473
2021-10-11,26687.0,5146.0,18213.0,5788.0,165.907,161.579
2021-10-12,25906.0,4125.0,20255.0,6075.0,153.738,182.493
2021-10-13,25493.0,3391.0,18396.0,5621.0,145.888,165.519
2021-10-14,28355.0,4865.0,18908.0,4194.0,172.327,160.779
2021-10-15,32786.0,5092.0,19292.0,4735.0,196.524,170.564
2021-10-16,35070.0,3592.0,17462.0,6454.0,198.637,162.768
2021-10-17,33637.0,3956.0,18240.0,6810.0,197.287,172.401
2021-10-18,31558.0,3525.0,19732.0,3716.0,185.298,162.845
2021-10-19,29565.0,2992.0,19212.0,4138.0,162.935,157.08
2021-10-20,27300.0,3385.0,19035.0,5518.0,163.176,173.482
2021-10-21,26753.0,1952.0,18873.0,4485.0,147.948,163.08
2021-10-22,37557.0,3556.0,20689.0,5454.0,214.411,178.882
2021-10-23,40239.0,3455.0,19461.0,7217.0,226.682,181.368
2021-10-24,35046.0,3817.0,19768.0,5588.0,204.538,175.367
2021-10-25,31480.0,2145.0,19424.0,6162.0,174.893,175.678
2021-10-26,28655.0,3088.0,19949.0,5645.0,169.378,179.348
2021-10-27,26203.0,2573.0,19801.0,4966.0,149.46,169.086
2021-10-28,29222.0,4701.0,19907.0,5204.0,176.327,169.01
2021-10-29,37713.0,3120.0,21307.0,5274.0,212.046,177.732
2021-10-30,34968.0,3862.0,19808.0,2890.0,196.199,152.24
2021-10-31,33650.0,5438.0,19994.0,5822.0,206.505,182.759
2021-11-01,30594.0,3348.0,19659.0,7534.0,176.538,190.561
2021-11-02,27761.0,3781.0,20661.0,5546.0,160.096,182.136
2021-11-03,29215.0,3945.0,18344.0,6216.0,166.438,166.094
2021-11-04,30842.0,3644.0,21536.0,5468.0,179.093,183.686
2021-11-05,35623.0,3730.0,21016.0,5573.0,209.244,182.784
2021-11-06,40147.0,5078.0,21749.0,6133.0,236.417,192.296
2021-11-07,35634.0,4279.0,21312.0,5008.0,206.517,180.486
2021-11-08,31508.0,3371.0,21562.0,5337.0,180.882,186.429
2021-11-09,27851.0,3692.0,21151.0,4088.0,165.292,179.413
2021-11-10,29044.0,4097.0,20415.0,4340.0,169.385,171.708
2021-11-11,31472.0,3632.0,21536.0,4353.0,184.266,182.482
2021-11-12,36051.0,4335.0,20693.0,3664.0,212.515,168.718
2021-11-13,36251.0,4423.0,20780.0,6008.0,216.488,184.586
2021-11-14,36357.0,4237.0,20889.0,4308.0,206.146,169.09
2021-11-15,27888.0,5256.0,22977.0,5403.0,171.201,197.182
2021-11-16,30778.0,5373.0,22142.0,7366.0,190.201,205.867
2021-11-17,25365.0,5334.0,22117.0,5981.0,160.84,195.532
2021-11-18,29551.0,3006.0,20401.0,4524.0,173.403,167.782
2021-11-19,32715.0,5025.0,21248.0,6471.0,194.02,191.633
2021-11-20,38608.0,5138.0,22495.0,6515.0,231.805,196.459
2021-11-21,33537.0,3837.0,21361.0,4409.0,193.507,179.865
2021-11-22,31935.0,3583.0,22096.0,6560.0,189.426,197.015
2021-11-23,28765.0,2752.0,25505.0,5923.0,165.993,219.755
2021-11-24,29310.0,2190.0,21555.0,5620.0,170.219,187.522
2021-11-25,33368.0,3836.0,23366.0,5261.0,198.209,195.637
2021-11-26,37624.0,2554.0,24277.0,7843.0,208.144,221.083
2021-11-27,39888.0,4728.0,24844.0,6257.0,229.015,221.112
2021-11-28,35949.0,5036.0,23901.0,5670.0,214.845,210.605
2021-11-29,32478.0,3711.0,24289.0,6283.0,195.092,215.22
2021-11-30,30230.0,4044.0,25048.0,7828.0,178.164,232.283
2021-12-01,30152.0,3985.0,24749.0,6167.0,171.424,223.649
2021-12-02,33300.0,5512.0,23678.0,7039.0,205.738,214.7
2021-12-03,39213.0,4189.0,25999.0,8999.0,228.257,245.941
2021-12-04,38276.0,4632.0,25796.0,5138.0,226.448,209.461
2021-12-05,36161.0,5237.0,25606.0,6965.0,214.265,230.797
2021-12-06,34293.0,5552.0,26752.0,5938.0,208.638,227.132
2021-12-07,29951.0,5820.0,25433.0,6576.0,187.981,223.947
2021-12-08,30335.0,2254.0,27475.0,8729.0,173.996,255.698
2021-12-09,33844.0,4864.0,28832.0,6488.0,207.955,252.095
2021-12-10,38255.0,5697.0,27487.0,8670.0,232.663,253.945
2021-12-11,42190.0,4990.0,27311.0,7697.0,252.0,249.929
2021-12-12,41033.0,4732.0,30676.0,7830.0,232.851,274.785
2021-12-13,36872.0,4825.0,31374.0,6630.0,217.214,273.299
2021-12-14,32058.0,2837.0,32699.0,8487.0,182.103,295.654
2021-12-15,34669.0,3239.0,31919.0,10441.0,203.665,300.661
2021-12-16,37852.0,5533.0,30686.0,9968.0,228.315,282.213
2021-12-17,43528.0,6155.0,32389.0,9739.0,253.133,302.803
2021-12-18,45593.0,5307.0,33386.0,9300.0,266.367,302.69
2021-12-19,44989.0,5594.0,34904.0,7877.0,258.646,304.754
2021-12-20,37183.0,4758.0,34239.0,10115.0,219.962,318.946
2021-12-21,37022.0,4885.0,35518.0,7750.0,217.462,306.811
2021-12-22,34419.0,5196.0,36975.0,10578.0,205.854,345.573
2021-12-23,40268.0,6242.0,38257.0,11479.0,245.823,353.57
2021-12-24,45517.0,5757.0,39231.0,10227.0,280.636,352.728
2021-12-25,45252.0,5490.0,38026.0,8663.0,261.598,335.21
2021-12-26,37935.0,4244.0,19823.0,3393.0,221.705,161.594
2021-12-27,38723.0,4459.0,21008.0,5073.0,227.078,180.619
2021-12-28,29608.0,4039.0,20000.0,4548.0,176.756,165.57
2021-12-29,31812.0,3568.0,21005.0,5446.0,190.226,180.313
2021-12-30,34004.0,3796.0,21010.0,8607.0,201.897,206.335
2021-12-31,39145.0,4972.0,21217.0,6935.0,233.162,194.528
2022-01-01,44402.0,5680.0,20274.0,5036.0,258.638,172.928
2022-01-02,34548.0,6190.0,19024.0,3666.0,214.579,155.625
2022-01-03,27507.0,4288.0,18145.0,5026.0,165.186,160.123
2022-01-04,25811.0,5014.0,18921.0,6313.0,160.934,171.625
2022-01-05,26657.0,3674.0,19987.0,5011.0,163.655,172.853
2022-01-06,32933.0,4864.0,19514.0,7491.0,200.54,187.767
2022-01-07,35330.0,3069.0,19371.0,5426.0,203.898,170.091
2022-01-08,38753.0,4769.0,18941.0,5683.0,225.782,170.759
2022-01-09,34042.0,4402.0,20719.0,3245.0,199.624,166.033
2022-01-10,30901.0,4109.0,19359.0,2984.0,185.296,153.761
2022-01-11,26335.0,4177.0,18319.0,6206.0,160.172,173.766
2022-01-12,30113.0,4133.0,18449.0,4139.0,173.582,154.17
2022-01-13,27691.0,3709.0,19232.0,5391.0,165.72,168.892
2022-01-14,35761.0,3654.0,19994.0,6346.0,211.128,182.88
2022-01-15,34978.0,3850.0,18191.0,5287.0,204.56,161.453
2022-01-16,33933.0,3149.0,18878.0,4848.0,191.863,163.43
2022-01-17,30516.0,1194.0,18030.0,6961.0,161.374,174.667
2022-01-18,25682.0,1178.0,18764.0,6769.0,142.462,176.765
2022-01-19,27488.0,3474.0,19332.0,6304.0,157.552,174.302
2022-01-20,30753.0,4677.0,17376.0,4840.0,184.826,156.877
2022-01-21,36563.0,2712.0,20583.0,5540.0,203.838,183.995
2022-01-22,37060.0,4035.0,18716.0,5690.0,211.246,171.45
2022-01-23,34631.0,3553.0,17480.0,7489.0,200.4,171.643
2022-01-24,32890.0,4066.0,19418.0,6121.0,199.508,175.191
2022-01-25,29213.0,4061.0,17995.0,6840.0,170.403,169.858
2022-01-26,25061.0,3726.0,18295.0,5813.0,148.551,165.604
2022-01-27,31494.0,6649.0,20713.0,4286.0,197.379,167.83
2022-01-28,32526.0,4532.0,20638.0,3895.0,198.88,168.146
2022-01-29,35840.0,5401.0,18639.0,9339.0,225.027,195.336
2022-01-30,34816.0,3350.0,18656.0,6264.0,205.45,169.066
2022-01-31,31769.0,4028.0,18597.0,5653.0,190.919,165.459
2022-02-01,28149.0,2168.0,20845.0,5282.0,159.253,185.626
2022-02-02,27289.0,2855.0,19293.0,7050.0,162.911,185.936
2022-02-03,30848.0,5317.0,18522.0,5948.0,189.6,169.966
2022-02-04,32897.0,5230.0,19968.0,7781.0,199.628,187.006
2022-02-05,35493.0,4472.0,19599.0,3830.0,213.04,161.764
2022-02-06,34217.0,3564.0,17160.0,4394.0,196.674,148.807
2022-02-07,27644.0,3113.0,19312.0,3890.0,157.565,158.663
2022-02-08,25724.0,3725.0,19606.0,4988.0,153.94,169.749
2022-02-09,22779.0,3501.0,19715.0,5668.0,138.719,179.41
2022-02-10,32666.0,3551.0,18955.0,5679.0,189.043,168.5
2022-02-11,33010.0,4733.0,19097.0,2871.0,201.442,153.774
2022-02-12,39425.0,3658.0,17681.0,4754.0,219.073,150.032
2022-02-13,34421.0,3324.0,19643.0,5036.0,200.382,173.545
2022-02-14,28240.0,3710.0,19261.0,4941.0,171.846,164.478
2022-02-15,25095.0,3671.0,17460.0,4243.0,146.015,150.787
2022-02-16,26896.0,2830.0,19137.0,4553.0,165.159,162.174
2022-02-17,26964.0,5157.0,17465.0,3716.0,170.632,144.535
2022-02-18,34085.0,5144.0,18486.0,5095.0,202.239,163.153
2022-02-19,35539.0,4906.0,19343.0,6118.0,208.52,179.579
2022-02-20,33617.0,5201.0,18707.0,4998.0,198.293,164.331
2022-02-21,27749.0,3025.0,20073.0,4792.0,164.972,173.019
2022-02-22,26654.0,2372.0,19268.0,4494.0,152.134,163.48
2022-02-23,25443.0,3125.0,19788.0,4282.0,148.84,165.376
2022-02-24,29875.0,3430.0,18102.0,4316.0,179.963,157.13
2022-02-25,34266.0,3641.0,19816.0,5056.0,196.934,167.126
2022-02-26,34493.0,3449.0,19960.0,4775.0,194.966,171.591
2022-02-27,34603.0,5066.0,18257.0,5287.0,207.337,160.431
2022-02-28,30742.0,4517.0,19721.0,4974.0,189.018,168.122
2022-03-01,26416.0,4034.0,18123.0,4374.0,157.637,154.56
2022-03-02,27425.0,3741.0,19315.0,5417.0,163.572,173.829
2022-03-03,29469.0,3583.0,19561.0,4660.0,170.484,158.177
2022-03-04,33853.0,3473.0,20125.0,4802.0,196.852,170.708
2022-03-05,37157.0,2702.0,18858.0,3001.0,210.916,150.811
2022-03-06,35201.0,3892.0,17440.0,5439.0,211.745,158.068
2022-03-07,30218.0,4473.0,18277.0,3562.0,182.13,153.137
2022-03-08,27491.0,3015.0,15599.0,7232.0,163.691,154.664
2022-03-09,29335.0,4144.0,18730.0,3688.0,169.946,156.871
2022-03-10,28478.0,3555.0,19766.0,3330.0,171.916,161.414
2022-03-11,35201.0,6629.0,20757.0,5530.0,221.704,184.292
2022-03-12,38377.0,3738.0,18824.0,4888.0,223.912,161.259
2022-03-13,31880.0,3372.0,19328.0,3564.0,191.203,156.92
2022-03-14,29455.0,4913.0,19778.0,5089.0,179.239,178.156
2022-03-15,26789.0,3108.0,19640.0,4676.0,156.087,167.413
2022-03-16,25369.0,3960.0,18970.0,6139.0,159.87,178.357
2022-03-17,33552.0,5738.0,18357.0,7387.0,203.238,176.118
2022-03-18,34424.0,4296.0,17986.0,4464.0,205.892,156.006
2022-03-19,37623.0,4194.0,19089.0,4662.0,227.2,163.694
2022-03-20,32979.0,4424.0,18532.0,5938.0,197.162,172.739
2022-03-21,29245.0,2673.0,18594.0,3795.0,168.128,152.679
2022-03-22,27160.0,3065.0,19368.0,4727.0,153.629,171.483
2022-03-23,27485.0,4282.0,19279.0,4114.0,169.548,161.101
2022-03-24,29009.0,2730.0,20692.0,5618.0,168.942,185.435
2022-03-25,33149.0,3132.0,19574.0,4814.0,189.747,169.452
2022-03-26,36110.0,4898.0,18381.0,5529.0,220.149,161.526
2022-03-27,34485.0,4349.0,19275.0,5057.0,207.885,170.504
2022-03-28,31032.0,3763.0,19199.0,5445.0,185.056,171.85
2022-03-29,27737.0,4551.0,18971.0,3635.0,166.337,153.041
2022-03-30,28116.0,6695.0,19437.0,4438.0,188.631,166.407
2022-03-31,30406.0,2383.0,18155.0,6788.0,174.315,168.946
2022-04-01,36958.0,5551.0,18382.0,4988.0,225.788,160.875
2022-04-02,36850.0,5491.0,19019.0,4981.0,222.936,166.589
2022-04-03,35535.0,4752.0,18954.0,5397.0,214.221,166.403
2022-04-04,28465.0,3894.0,18847.0,4265.0,173.406,159.446
2022-04-05,26706.0,4839.0,20255.0,2421.0,162.034,158.698
2022-04-06,27508.0,3134.0,18953.0,4125.0,162.82,155.907
2022-04-07,28580.0,4600.0,21082.0,5060.0,174.712,184.099
2022-04-08,36736.0,4977.0,19486.0,6633.0,222.461,180.881
2022-04-09,36062.0,5307.0,18848.0,5467.0,218.977,169.996
2022-04-10,35106.0,5016.0,19206.0,4037.0,211.109,160.854
2022-04-11,30375.0,3959.0,19827.0,3331.0,182.223,159.74
2022-04-12,27790.0,4080.0,21005.0,6141.0,170.724,188.721
2022-04-13,24965.0,3677.0,21806.0,4549.0,146.833,182.585
2022-04-14,33428.0,5290.0,19027.0,6313.0,207.21,181.578
2022-04-15,34180.0,4897.0,21359.0,6442.0,201.52,194.927
2022-04-16,41202.0,5613.0,20811.0,4379.0,249.401,179.002
2022-04-17,34064.0,6001.0,20337.0,5876.0,207.549,183.563
2022-04-18,31067.0,5572.0,18059.0,5541.0,195.104,160.618
2022-04-19,24287.0,2928.0,18420.0,4637.0,146.863,155.065
2022-04-20,28963.0,3843.0,19861.0,5218.0,178.937,173.336
2022-04-21,31078.0,3929.0,19495.0,4750.0,177.905,165.25
2022-04-22,36457.0,4511.0,19999.0,3821.0,221.849,169.597
2022-04-23,36514.0,4278.0,20050.0,4184.0,217.958,169.632
2022-04-24,30500.0,4596.0,18977.0,1608.0,184.291,147.577
2022-04-25,29194.0,3986.0,19145.0,4815.0,175.558,168.314
2022-04-26,24726.0,4826.0,19587.0,5037.0,155.81,165.78
2022-04-27,25086.0,2343.0,18287.0,6787.0,144.005,176.517
2022-04-28,28544.0,3625.0,18764.0,4179.0,168.377,158.369
2022-04-29,35320.0,3166.0,18146.0,4372.0,202.494,157.203
2022-04-30,37871.0,5697.0,18663.0,5390.0,229.866,171.533
2022-05-01,34431.0,3739.0,18320.0,3723.0,201.545,152.391
2022-05-02,30039.0,3983.0,18498.0,5859.0,180.549,168.867
2022-05-03,26363.0,3219.0,18007.0,6595.0,157.744,172.442
2022-05-04,26186.0,1743.0,19845.0,3626.0,147.604,164.399
2022-05-05,29894.0,3258.0,18779.0,4667.0,177.047,163.328
2022-05-06,31529.0,6090.0,20357.0,4525.0,198.559,172.092
2022-05-07,35157.0,4982.0,19272.0,7045.0,215.304,183.578
2022-05-08,32308.0,4581.0,18806.0,4539.0,200.583,164.876
2022-05-09,28604.0,6031.0,19127.0,6007.0,184.97,173.438
2022-05-10,26667.0,3282.0,18427.0,6801.0,158.075,180.225
2022-05-11,27000.0,2375.0,18750.0,5448.0,154.815,171.346
2022-05-12,30322.0,3715.0,18471.0,5500.0,185.892,167.477
2022-05-13,34074.0,3911.0,18976.0,6431.0,203.068,171.854
2022-05-14,36504.0,3417.0,18883.0,5091.0,212.875,166.249
2022-05-15,36176.0,3886.0,19277.0,5194.0,211.613,166.383
2022-05-16,29444.0,3860.0,19730.0,5566.0,178.184,176.316
2022-05-17,26087.0,4209.0,19918.0,3747.0,156.184,164.532
2022-05-18,25699.0,2298.0,19306.0,5397.0,152.843,169.652
2022-05-19,28586.0,3685.0,18525.0,6111.0,174.46,169.634
2022-05-20,33857.0,4481.0,20536.0,7421.0,204.878,193.309
2022-05-21,35872.0,5274.0,20139.0,4603.0,222.579,172.298
2022-05-22,34135.0,5288.0,20315.0,5082.0,218.825,177.471
2022-05-23,27972.0,4633.0,20573.0,4626.0,175.066,182.028
2022-05-24,27039.0,2805.0,21379.0,6472.0,160.603,191.168
2022-05-25,28597.0,3883.0,19977.0,7791.0,168.261,191.029
2022-05-26,31132.0,4648.0,19225.0,3211.0,189.255,154.54
2022-05-27,34440.0,5370.0,21244.0,4250.0,208.83,178.087
2022-05-28,34431.0,2777.0,19217.0,4809.0,198.755,168.691
2022-05-29,34534.0,3639.0,19517.0,5384.0,203.826,170.253
2022-05-30,31179.0,3020.0,20971.0,6354.0,178.491,189.912
2022-05-31,25789.0,2910.0,20173.0,6507.0,154.326,187.269
2022-06-01,27307.0,3727.0,21219.0,5849.0,160.155,193.274
2022-06-02,29418.0,4391.0,21330.0,8095.0,179.049,204.455
2022-06-03,33669.0,2967.0,20861.0,5640.0,194.849,187.07
2022-06-04,35424.0,5935.0,21463.0,6518.0,223.228,196.211
2022-06-05,37906.0,3427.0,21754.0,5543.0,224.828,189.727
2022-06-06,32376.0,2954.0,20423.0,5835.0,180.922,181.199
2022-06-07,26022.0,5177.0,22022.0,7042.0,169.819,201.837
2022-06-08,26864.0,4511.0,22669.0,7278.0,165.843,212.493
2022-06-09,29460.0,3761.0,19145.0,4723.0,182.548,169.686
2022-06-10,33266.0,5059.0,22006.0,5947.0,205.319,198.406
2022-06-11,36750.0,5159.0,22378.0,4037.0,220.631,188.038
2022-06-12,32484.0,3322.0,23115.0,8621.0,183.599,221.805
2022-06-13,28179.0,4349.0,22799.0,7050.0,171.45,210.712
2022-06-14,24764.0,4516.0,22667.0,4623.0,159.846,189.46
2022-06-15,27233.0,1982.0,22539.0,6900.0,152.305,207.017
2022-06-16,29994.0,3263.0,24088.0,6698.0,170.723,215.913
2022-06-17,37591.0,5203.0,25805.0,9698.0,224.968,254.018
2022-06-18,36859.0,3509.0,24821.0,8697.0,222.168,236.142
2022-06-19,32333.0,4038.0,25177.0,5583.0,195.779,215.465
2022-06-20,29303.0,4001.0,25736.0,5903.0,175.017,226.237
2022-06-21,25864.0,3082.0,26086.0,6581.0,161.135,235.819
2022-06-22,26329.0,2865.0,25211.0,8977.0,161.761,246.354
2022-06-23,28164.0,3948.0,26908.0,5059.0,175.057,230.88
2022-06-24,33613.0,4418.0,25289.0,8198.0,198.782,237.01
2022-06-25,37169.0,5349.0,25537.0,7150.0,233.307,233.671
2022-06-26,33743.0,4542.0,26771.0,6614.0,205.57,232.702
2022-06-27,33388.0,4001.0,26324.0,6672.0,195.516,231.307
2022-06-28,28186.0,4049.0,26248.0,6744.0,172.845,234.54
2022-06-29,26202.0,904.0,26652.0,8608.0,145.255,243.638
2022-06-30,29149.0,3190.0,27847.0,8844.0,172.981,261.619
2022-07-01,33517.0,5499.0,27198.0,6693.0,205.747,240.839
2022-07-02,35894.0,2285.0,25996.0,8167.0,207.04,239.878
2022-07-03,33862.0,4965.0,25192.0,9275.0,202.486,242.463
2022-07-04,26307.0,2796.0,27249.0,6476.0,160.594,239.287
2022-07-05,26537.0,5315.0,25900.0,6183.0,166.782,222.796
2022-07-06,23374.0,4054.0,27860.0,8552.0,149.739,255.35
2022-07-07,27008.0,2679.0,28142.0,10305.0,155.768,268.282
2022-07-08,35792.0,4023.0,25478.0,6438.0,216.85,227.179
2022-07-09,35673.0,4733.0,26127.0,6418.0,217.441,229.389
2022-07-10,32405.0,2759.0,26351.0,6870.0,190.821,228.046
2022-07-11,31297.0,3019.0,25299.0,8997.0,183.24,241.795
2022-07-12,27999.0,4579.0,24712.0,8387.0,180.28,235.953
2022-07-13,25111.0,3432.0,25735.0,7361.0,146.304,238.157
2022-07-14,29265.0,4211.0,24029.0,6492.0,176.571,218.094
2022-07-15,31391.0,4225.0,26740.0,9945.0,191.338,262.909
2022-07-16,38621.0,6195.0,23998.0,4712.0,242.873,208.037
2022-07-17,35864.0,4311.0,24849.0,9430.0,206.244,237.357
2022-07-18,31982.0,4941.0,24703.0,6748.0,198.308,221.154
2022-07-19,25836.0,3915.0,24573.0,7109.0,158.801,233.595
2022-07-20,25311.0,2996.0,24283.0,3868.0,152.968,198.239
2022-07-21,31259.0,3320.0,24130.0,5849.0,180.341,211.772
2022-07-22,34893.0,3906.0,22577.0,4335.0,204.265,187.75
2022-07-23,35517.0,4503.0,22187.0,6878.0,219.788,205.819
2022-07-24,36985.0,5765.0,23907.0,6380.0,230.023,210.093
2022-07-25,33009.0,4325.0,22999.0,5961.0,199.733,202.275
2022-07-26,26007.0,2088.0,21415.0,7342.0,148.323,201.963
2022-07-27,29088.0,3807.0,22748.0,5621.0,179.406,191.659
2022-07-28,30015.0,4543.0,21888.0,6802.0,192.762,203.647
2022-07-29,36319.0,4538.0,21282.0,4210.0,213.355,177.908
2022-07-30,35569.0,3388.0,20942.0,6034.0,208.55,188.392
2022-07-31,35856.0,5873.0,20359.0,4596.0,228.338,174.483
2022-08-01,28935.0,4188.0,21431.0,7312.0,177.462,205.71
2022-08-02,27503.0,4214.0,21942.0,5710.0,170.898,195.77
2022-08-03,26693.0,2778.0,21344.0,7072.0,153.916,194.614
2022-08-04,29871.0,3418.0,21356.0,3976.0,180.3,176.301
2022-08-05,29596.0,4389.0,19912.0,5527.0,183.726,179.717
2022-08-06,37297.0,3838.0,20451.0,5509.0,223.835,177.934
2022-08-07,33893.0,4531.0,20668.0,6585.0,205.76,185.657
2022-08-08,28977.0,5336.0,20312.0,4794.0,180.608,166.343
2022-08-09,28320.0,3555.0,20516.0,6814.0,174.01,191.218
2022-08-10,26737.0,4136.0,21376.0,5761.0,166.417,186.647
2022-08-11,30739.0,3343.0,20028.0,4796.0,184.472,173.814
2022-08-12,32821.0,3608.0,21153.0,7525.0,192.11,196.889
2022-08-13,35344.0,5188.0,17208.0,6504.0,227.623,169.242
2022-08-14,36534.0,2683.0,18801.0,4040.0,207.375,164.701
2022-08-15,29140.0,2645.0,19409.0,4814.0,170.445,169.726
2022-08-16,25390.0,5420.0,18865.0,5299.0,166.151,168.175
2022-08-17,27230.0,4071.0,19339.0,5577.0,169.531,173.577
2022-08-18,29914.0,3193.0,18654.0,4693.0,181.569,166.906
2022-08-19,34343.0,6166.0,19125.0,6146.0,216.829,176.041
2022-08-20,38392.0,4284.0,18489.0,4602.0,231.71,158.554
2022-08-21,34619.0,4667.0,18495.0,5098.0,216.671,162.463
2022-08-22,30027.0,4190.0,20278.0,3434.0,183.265,165.009
2022-08-23,27914.0,4178.0,19037.0,6671.0,168.298,182.321
2022-08-24,30550.0,3452.0,19426.0,4933.0,180.632,170.686
2022-08-25,28888.0,4392.0,18097.0,7613.0,176.067,181.722
2022-08-26,33161.0,4193.0,18478.0,4495.0,197.028,160.523
2022-08-27,34883.0,4561.0,17591.0,5263.0,212.652,158.251
2022-08-28,34136.0,5965.0,19212.0,3817.0,213.761,155.586
2022-08-29,29824.0,3683.0,18622.0,5716.0,181.361,171.699
2022-08-30,27304.0,4028.0,20641.0,6061.0,172.069,185.979
2022-08-31,25783.0,2953.0,19393.0,5248.0,152.958,169.132
2022-09-01,30935.0,3681.0,20050.0,4858.0,189.056,173.446
2022-09-02,35923.0,4620.0,17516.0,4862.0,219.966,155.494
2022-09-03,35726.0,4082.0,19557.0,5301.0,214.588,174.672
2022-09-04,33798.0,4387.0,17512.0,7660.0,204.848,173.036
2022-09-05,31715.0,4184.0,18565.0,5795.0,191.826,174.901
2022-09-06,26778.0,3446.0,18809.0,6710.0,156.046,176.894
2022-09-07,25984.0,3362.0,21371.0,6349.0,160.922,192.236
2022-09-08,29860.0,4700.0,20318.0,4218.0,187.546,170.87
2022-09-09,34622.0,4302.0,19371.0,4557.0,213.07,168.695
2022-09-10,37283.0,2966.0,18886.0,4798.0,225.501,164.66
2022-09-11,32930.0,5761.0,18840.0,5672.0,209.562,176.288
2022-09-12,31005.0,3445.0,20077.0,4193.0,193.367,166.955
2022-09-13,25112.0,3200.0,19615.0,5570.0,150.741,171.386
2022-09-14,26354.0,2120.0,20072.0,5706.0,154.327,181.608
2022-09-15,30353.0,5359.0,17859.0,5780.0,191.766,166.125
2022-09-16,33300.0,4514.0,20885.0,4610.0,199.651,177.678
2022-09-17,37506.0,4589.0,19225.0,5919.0,236.606,178.493
2022-09-18,34794.0,4716.0,20928.0,7428.0,214.469,195.608
2022-09-19,28891.0,2987.0,20477.0,6766.0,173.662,195.444
2022-09-20,27294.0,3723.0,18886.0,5962.0,168.571,172.012
2022-09-21,26752.0,4327.0,19465.0,5736.0,170.208,177.659
2022-09-22,30783.0,2581.0,18801.0,6482.0,181.526,180.086
2022-09-23,35340.0,4080.0,18682.0,5937.0,209.965,174.597
2022-09-24,36226.0,4308.0,18548.0,5478.0,215.23,166.878
2022-09-25,34023.0,4739.0,18253.0,5445.0,211.77,167.08
2022-09-26,31978.0,5069.0,17766.0,5959.0,201.935,169.605
2022-09-27,25802.0,3453.0,18029.0,5088.0,158.367,161.18
2022-09-28,30290.0,3702.0,18066.0,6473.0,184.952,172.989
2022-09-29,32137.0,3189.0,19225.0,4649.0,190.873,171.775
2022-09-30,35583.0,2757.0,19390.0,4664.0,217.666,168.84
2022-10-01,38295.0,5075.0,18094.0,2263.0,237.438,143.135
2022-10-02,34740.0,4379.0,18486.0,4243.0,208.462,162.813
2022-10-03,29279.0,3646.0,20890.0,3324.0,185.692,165.293
2022-10-04,27914.0,3878.0,20160.0,6393.0,175.366,192.173
2022-10-05,26975.0,3364.0,21242.0,5972.0,165.895,194.514
2022-10-06,30810.0,3450.0,19858.0,5822.0,185.983,178.651
2022-10-07,33540.0,3404.0,18930.0,5942.0,204.559,174.279
2022-10-08,37590.0,4886.0,19844.0,5313.0,223.922,175.158
2022-10-09,30949.0,4544.0,19810.0,6848.0,191.762,184.625
2022-10-10,26530.0,2684.0,21125.0,2631.0,164.534,165.636
2022-10-11,23113.0,3642.0,20709.0,3019.0,145.606,164.849
2022-10-12,28778.0,4210.0,19195.0,4550.0,175.527,168.539
2022-10-13,28700.0,3566.0,20809.0,6835.0,171.505,195.551
2022-10-14,33850.0,3200.0,19509.0,5300.0,201.991,173.787
2022-10-15,37335.0,4486.0,19173.0,7212.0,229.139,190.584
2022-10-16,36991.0,5280.0,21478.0,4285.0,232.444,176.391
2022-10-17,30402.0,2621.0,22072.0,2949.0,174.014,176.507
2022-10-18,31432.0,3890.0,21278.0,5301.0,186.724,189.125
2022-10-19,26516.0,2692.0,19132.0,6823.0,150.135,185.085
2022-10-20,27982.0,3596.0,21534.0,2907.0,166.785,174.149
2022-10-21,36982.0,2796.0,19131.0,6031.0,218.72,177.688
2022-10-22,34082.0,4756.0,19911.0,3767.0,216.714,168.275
2022-10-23,33219.0,3985.0,19876.0,5523.0,196.095,177.035
2022-10-24,31733.0,4569.0,20880.0,6236.0,207.437,190.986
2022-10-25,28104.0,4129.0,19610.0,6524.0,172.109,184.711
2022-10-26,26468.0,4049.0,19729.0,6432.0,160.449,181.363
2022-10-27,31952.0,3503.0,19331.0,4270.0,195.111,166.0
2022-10-28,35554.0,3102.0,21917.0,6501.0,215.295,202.179
2022-10-29,36773.0,4818.0,20598.0,6401.0,221.719,188.846
2022-10-30,35806.0,6153.0,19844.0,6232.0,228.387,185.566
2022-10-31,31142.0,3198.0,22401.0,7552.0,185.885,211.805
2022-11-01,29562.0,4828.0,21329.0,6360.0,187.157,194.492
2022-11-02,29922.0,3745.0,21335.0,6530.0,181.131,192.937
2022-11-03,35273.0,3778.0,20568.0,3690.0,209.988,175.255
2022-11-04,35807.0,3737.0,20976.0,7524.0,213.557,199.044
2022-11-05,35298.0,6432.0,21934.0,4854.0,231.2,192.324
2022-11-06,37508.0,6408.0,21184.0,5245.0,239.317,186.846
2022-11-07,30098.0,5842.0,22167.0,7221.0,195.948,205.468
2022-11-08,27566.0,2198.0,19944.0,5134.0,170.764,172.455
2022-11-09,27775.0,3583.0,20960.0,5587.0,172.966,186.999
2022-11-10,31599.0,5989.0,22185.0,5952.0,206.154,198.619
2022-11-11,36758.0,4949.0,21435.0,5474.0,229.052,189.489
2022-11-12,37672.0,4046.0,21277.0,6031.0,226.825,190.913
2022-11-13,35149.0,2733.0,21208.0,3919.0,208.847,171.534
2022-11-14,31626.0,2834.0,22609.0,5264.0,184.204,197.852
2022-11-15,27807.0,2257.0,21475.0,6130.0,159.377,191.594
2022-11-16,29115.0,4167.0,24016.0,8029.0,180.522,218.569
2022-11-17,31931.0,3826.0,21651.0,8684.0,194.453,214.932
2022-11-18,34813.0,3127.0,23674.0,4325.0,208.767,199.744
2022-11-19,36591.0,3764.0,21764.0,7073.0,221.356,208.519
2022-11-20,39263.0,5645.0,22731.0,7727.0,248.372,217.559
2022-11-21,31890.0,3110.0,23160.0,6813.0,179.815,210.944
2022-11-22,29799.0,3367.0,23288.0,5926.0,186.391,212.071
2022-11-23,30238.0,5036.0,23764.0,7554.0,194.77,226.667
2022-11-24,30302.0,6225.0,22467.0,3462.0,205.659,184.184
2022-11-25,37289.0,5233.0,24754.0,6456.0,243.295,216.45
2022-11-26,39473.0,4274.0,26334.0,8886.0,241.084,249.917
2022-11-27,37065.0,4387.0,25459.0,4529.0,225.023,210.719
2022-11-28,32622.0,5524.0,25502.0,6155.0,208.502,227.687
2022-11-29,28556.0,4004.0,26526.0,7318.0,172.052,244.014
2022-11-30,31772.0,3147.0,26300.0,6740.0,184.017,229.604
2022-12-01,31242.0,4003.0,26240.0,5634.0,196.533,223.511
2022-12-02,39976.0,4791.0,25322.0,5465.0,244.474,216.597
2022-12-03,38309.0,5665.0,26237.0,7598.0,243.388,245.733
2022-12-04,40134.0,4026.0,26980.0,4905.0,240.145,221.939
2022-12-05,38228.0,4672.0,28396.0,8203.0,232.434,269.844
2022-12-06,31398.0,4673.0,28558.0,6638.0,194.018,266.529
2022-12-07,32407.0,3349.0,28088.0,9042.0,188.275,265.307
2022-12-08,35641.0,3789.0,27819.0,8492.0,212.015,264.537
2022-12-09,40291.0,3555.0,30174.0,10037.0,236.583,286.164
2022-12-10,41375.0,5146.0,27881.0,7565.0,259.332,254.257
2022-12-11,40631.0,6701.0,27925.0,6779.0,270.544,247.481
2022-12-12,40557.0,4731.0,30606.0,8876.0,252.701,294.278
2022-12-13,31851.0,5198.0,30925.0,6103.0,202.762,266.634
2022-12-14,34384.0,4685.0,28657.0,9998.0,213.841,274.401
2022-12-15,38201.0,4869.0,32890.0,7418.0,231.915,295.086
2022-12-16,41481.0,5019.0,32035.0,7416.0,257.578,288.171
2022-12-17,43500.0,4555.0,32749.0,8676.0,272.031,297.732
2022-12-18,40230.0,4173.0,32577.0,10318.0,242.822,310.634
2022-12-19,38359.0,3430.0,36246.0,9916.0,223.433,339.219
2022-12-20,35557.0,3432.0,35054.0,8655.0,213.993,324.694
2022-12-21,35076.0,4715.0,36049.0,8599.0,222.377,321.26
2022-12-22,40387.0,5877.0,36208.0,9761.0,256.1,342.28
2022-12-23,43001.0,4877.0,36655.0,7870.0,274.983,322.005
2022-12-24,46363.0,5036.0,38511.0,9101.0,276.993,357.855
2022-12-25,44667.0,5637.0,38204.0,11870.0,281.747,362.71
2022-12-26,33654.0,5117.0,18947.0,5592.0,218.582,171.843
2022-12-27,32397.0,3097.0,20434.0,7734.0,192.559,194.753
2022-12-28,31354.0,4586.0,21468.0,5629.0,197.958,190.155
2022-12-29,37155.0,5230.0,20760.0,3149.0,233.59,173.77
2022-12-30,40776.0,4386.0,20756.0,3639.0,252.11,168.165
2022-12-31,40906.0,6149.0,19890.0,6033.0,261.175,181.751
2023-01-01,38473.0,5591.0,22289.0,6541.0,238.867,207.76
2023-01-02,29158.0,3386.0,17663.0,7654.0,178.9,178.952
2023-01-03,26705.0,2263.0,19817.0,4992.0,158.291,177.586
2023-01-04,29375.0,2225.0,19286.0,2720.0,169.778,159.223
2023-01-05,30143.0,2649.0,20403.0,6344.0,183.332,187.247
2023-01-06,32841.0,4818.0,18261.0,5321.0,202.328,166.322
2023-01-07,35782.0,3471.0,17395.0,4845.0,222.78,158.524
2023-01-08,32810.0,5552.0,19672.0,5142.0,208.696,174.279
2023-01-09,29669.0,3001.0,19540.0,4351.0,179.136,166.983
2023-01-10,27807.0,3036.0,19658.0,4289.0,169.696,166.056
2023-01-11,26566.0,3225.0,20664.0,4347.0,164.072,171.126
2023-01-12,31957.0,3464.0,19353.0,4972.0,197.052,173.514
2023-01-13,35448.0,4296.0,17765.0,5607.0,213.503,165.497
2023-01-14,32451.0,3731.0,20328.0,3593.0,206.192,163.7
2023-01-15,34059.0,5448.0,17748.0,3835.0,218.175,146.218
2023-01-16,29177.0,3281.0,20624.0,8112.0,179.279,199.43
2023-01-17,26671.0,4050.0,19649.0,4464.0,161.971,163.014
2023-01-18,26501.0,4800.0,19197.0,4062.0,167.731,164.279
2023-01-19,29849.0,4462.0,18537.0,5920.0,186.154,172.054
2023-01-20,35465.0,5477.0,20056.0,5723.0,224.948,180.151
2023-01-21,36524.0,5123.0,19129.0,4498.0,228.973,170.702
2023-01-22,33017.0,4312.0,18985.0,5958.0,203.441,176.456
2023-01-23,31178.0,4511.0,18992.0,5246.0,200.459,171.967
2023-01-24,23615.0,4668.0,19873.0,6193.0,161.482,180.706
2023-01-25,28034.0,4300.0,20414.0,5380.0,173.867,176.821
2023-01-26,28965.0,4147.0,18612.0,4733.0,185.962,163.167
2023-01-27,34511.0,3747.0,18534.0,3026.0,209.999,154.793
2023-01-28,35417.0,3166.0,18827.0,4629.0,217.577,160.995
2023-01-29,36066.0,4532.0,18771.0,5033.0,224.899,170.668
2023-01-30,29895.0,4042.0,20131.0,4352.0,185.523,176.017
2023-01-31,26087.0,2646.0,19552.0,5780.0,162.089,180.375
2023-02-01,28416.0,2638.0,19697.0,3340.0,176.628,166.024
2023-02-02,30023.0,5581.0,18220.0,5422.0,193.088,165.031
2023-02-03,36335.0,4523.0,18944.0,7342.0,230.171,187.166
2023-02-04,36408.0,2844.0,18500.0,5674.0,212.897,168.834
2023-02-05,32821.0,3356.0,19523.0,5003.0,201.365,178.967
2023-02-06,32355.0,3132.0,19538.0,7193.0,195.831,189.588
2023-02-07,27787.0,3783.0,19191.0,6698.0,172.757,177.965
2023-02-08,27378.0,4404.0,19438.0,4669.0,179.164,170.274
2023-02-09,27595.0,3434.0,20075.0,6372.0,166.293,189.959
2023-02-10,36833.0,4578.0,19764.0,3638.0,226.946,161.794
2023-02-11,35886.0,4321.0,17377.0,3664.0,222.045,152.194
2023-02-12,33174.0,2625.0,18448.0,4947.0,196.861,162.181
2023-02-13,31557.0,4089.0,17877.0,5028.0,201.011,165.121
2023-02-14,26492.0,3232.0,20238.0,2835.0,159.419,169.96
2023-02-15,28331.0,3779.0,19043.0,4430.0,169.028,165.096
2023-02-16,28600.0,5300.0,19071.0,7511.0,188.099,184.385
2023-02-17,33749.0,4628.0,17760.0,5956.0,212.061,166.364
2023-02-18,35931.0,5622.0,19160.0,5648.0,227.613,175.341
2023-02-19,33661.0,4827.0,19271.0,8092.0,212.585,193.59
2023-02-20,32880.0,3801.0,19456.0,5693.0,204.192,176.985
2023-02-21,26761.0,4553.0,18230.0,7670.0,169.521,186.442
2023-02-22,25805.0,3580.0,20752.0,5003.0,161.714,179.594
2023-02-23,31061.0,2998.0,20114.0,4515.0,194.629,177.069
2023-02-24,31945.0,3324.0,18603.0,4369.0,192.987,162.436
2023-02-25,35494.0,4474.0,18350.0,5236.0,221.927,161.765
2023-02-26,35760.0,4368.0,17178.0,5496.0,226.595,163.563
2023-02-27,30581.0,2859.0,19784.0,4326.0,186.712,174.373
2023-02-28,27596.0,4070.0,18028.0,5651.0,171.906,165.871
2023-03-01,24553.0,4836.0,18954.0,5073.0,160.684,168.809
2023-03-02,29796.0,2418.0,19890.0,9044.0,174.411,204.176
2023-03-03,32828.0,4093.0,19225.0,4819.0,208.175,170.252
2023-03-04,38193.0,6081.0,19684.0,5526.0,248.159,178.355
2023-03-05,35801.0,4085.0,18972.0,5547.0,227.429,171.126
2023-03-06,29783.0,3254.0,18977.0,5270.0,179.736,169.523
2023-03-07,28646.0,4107.0,18467.0,7166.0,180.339,180.464
2023-03-08,26713.0,4170.0,19298.0,3008.0,169.204,162.617
2023-03-09,29851.0,3763.0,18353.0,5000.0,185.595,168.29
2023-03-10,34083.0,4416.0,19609.0,4286.0,216.879,167.642
2023-03-11,34561.0,6723.0,19161.0,3549.0,232.792,163.041
2023-03-12,32749.0,2381.0,19659.0,6445.0,196.396,183.311
2023-03-13,30034.0,4090.0,18832.0,5606.0,187.677,171.788
2023-03-14,25663.0,3226.0,18548.0,3896.0,159.368,157.471
2023-03-15,25198.0,4312.0,19916.0,4887.0,158.185,171.554
2023-03-16,31386.0,4933.0,19071.0,5782.0,202.513,181.382
2023-03-17,35147.0,4763.0,19291.0,6306.0,217.817,183.023
2023-03-18,35980.0,3008.0,18938.0,4781.0,210.698,166.133
2023-03-19,35501.0,1875.0,18984.0,5744.0,207.247,175.716
2023-03-20,30205.0,5174.0,19001.0,5634.0,192.648,171.014
2023-03-21,27109.0,2291.0,20060.0,4842.0,161.461,174.795
2023-03-22,25306.0,3139.0,19934.0,4110.0,159.365,172.212
2023-03-23,29229.0,4782.0,19823.0,3698.0,190.012,170.968
2023-03-24,35151.0,3981.0,20883.0,4138.0,219.054,171.811
2023-03-25,37765.0,4171.0,19355.0,8644.0,229.31,198.71
2023-03-26,33287.0,4972.0,19985.0,5405.0,213.968,180.7
2023-03-27,31022.0,1973.0,19162.0,7441.0,185.879,186.039
2023-03-28,28434.0,3865.0,20266.0,5631.0,177.533,185.288
2023-03-29,29573.0,3173.0,20273.0,5014.0,187.185,182.26
2023-03-30,30968.0,3710.0,18148.0,7530.0,194.671,180.814
2023-03-31,37404.0,4199.0,20402.0,3880.0,231.115,173.495
2023-04-01,38721.0,5128.0,20603.0,5739.0,236.072,185.724
2023-04-02,36215.0,6193.0,20652.0,4995.0,235.294,180.603
2023-04-03,33901.0,3268.0,20109.0,5092.0,205.022,179.228
2023-04-04,29800.0,3320.0,18606.0,4333.0,183.497,156.588
2023-04-05,31547.0,6000.0,18374.0,7580.0,207.497,183.762
2023-04-06,33962.0,3905.0,20345.0,4772.0,212.557,179.266
2023-04-07,37358.0,3977.0,21026.0,4930.0,228.937,182.26
2023-04-08,38308.0,5418.0,20293.0,7478.0,238.625,206.451
2023-04-09,40379.0,5118.0,19939.0,4546.0,250.789,170.81
2023-04-10,31259.0,6070.0,18499.0,6020.0,211.263,171.779
2023-04-11,27472.0,2012.0,20922.0,6345.0,168.602,195.99
2023-04-12,28119.0,1868.0,17298.0,5305.0,168.879,160.042
2023-04-13,30476.0,4018.0,19478.0,2652.0,193.231,158.621
2023-04-14,34769.0,3057.0,18849.0,3859.0,203.102,158.886
2023-04-15,35451.0,4008.0,18441.0,5860.0,220.256,169.633
2023-04-16,34697.0,5534.0,18271.0,4337.0,222.51,157.497
2023-04-17,29588.0,4373.0,17740.0,4593.0,186.1,157.747
2023-04-18,26416.0,3003.0,19611.0,4946.0,163.407,175.923
2023-04-19,28277.0,2689.0,20191.0,4051.0,168.967,175.265
2023-04-20,34617.0,5227.0,19522.0,6060.0,217.985,181.386
2023-04-21,34649.0,4477.0,18448.0,5384.0,211.574,172.731
2023-04-22,38378.0,4122.0,18851.0,6357.0,242.435,177.021
2023-04-23,33585.0,4521.0,19041.0,5622.0,209.411,177.394
2023-04-24,30286.0,3098.0,18446.0,4244.0,181.062,161.414
2023-04-25,26326.0,5349.0,19815.0,5428.0,178.381,175.865
2023-04-26,27481.0,2972.0,20367.0,6494.0,170.023,190.049
2023-04-27,29595.0,4404.0,18773.0,5942.0,190.21,175.888
2023-04-28,33449.0,4111.0,19102.0,5048.0,215.314,175.117
2023-04-29,34918.0,4221.0,20437.0,3770.0,213.303,173.532
2023-04-30,35554.0,5897.0,17610.0,6362.0,228.737,172.309
2023-05-01,31232.0,3504.0,18335.0,3684.0,188.673,157.526
2023-05-02,25286.0,3019.0,19997.0,4833.0,156.014,174.582
2023-05-03,27513.0,5813.0,19720.0,5974.0,184.611,182.426
2023-05-04,28937.0,3618.0,18598.0,5067.0,184.992,170.373
2023-05-05,31800.0,4305.0,19234.0,4307.0,199.802,167.422
2023-05-06,38587.0,3798.0,20590.0,5891.0,239.459,187.442
2023-05-07,32213.0,3065.0,19468.0,5276.0,195.899,170.803
2023-05-08,24796.0,4433.0,20017.0,7548.0,160.646,193.892
2023-05-09,26779.0,4416.0,19766.0,7442.0,167.329,192.754
2023-05-10,25689.0,3802.0,18683.0,5684.0,166.232,180.882
2023-05-11,28411.0,5389.0,18854.0,2424.0,187.559,152.304
2023-05-12,33734.0,5397.0,18024.0,5159.0,219.322,160.027
2023-05-13,35997.0,6036.0,21179.0,5685.0,226.417,188.974
2023-05-14,33084.0,4080.0,18828.0,5800.0,205.768,177.914
2023-05-15,30076.0,3673.0,18256.0,3301.0,189.1,159.571
2023-05-16,26969.0,3343.0,18405.0,4991.0,168.208,165.464
2023-05-17,28032.0,3959.0,19749.0,5057.0,178.356,168.541
2023-05-18,29522.0,4480.0,19794.0,5711.0,189.3,178.193
2023-05-19,35417.0,3137.0,17684.0,3937.0,210.687,149.816
2023-05-20,34759.0,3954.0,19756.0,3492.0,215.972,164.067
2023-05-21,31243.0,5492.0,18475.0,5450.0,205.194,166.622
2023-05-22,30211.0,3827.0,18926.0,4919.0,188.622,173.015
2023-05-23,25897.0,4786.0,19824.0,4981.0,170.6,177.065
2023-05-24,27132.0,2480.0,19714.0,3698.0,163.976,167.338
2023-05-25,28312.0,3792.0,19479.0,2853.0,177.791,160.983
2023-05-26,35766.0,5851.0,20759.0,6697.0,229.13,190.244
2023-05-27,39107.0,2344.0,20980.0,5127.0,233.023,182.853
2023-05-28,34056.0,3667.0,19255.0,6055.0,209.865,176.378
2023-05-29,29786.0,4674.0,18554.0,5375.0,188.115,171.81
2023-05-30,27391.0,2879.0,18146.0,3349.0,166.662,152.739
2023-05-31,26725.0,2984.0,19083.0,3948.0,169.847,163.307
2023-06-01,28663.0,2821.0,19221.0,5225.0,176.088,177.955
2023-06-02,35762.0,4917.0,19225.0,4388.0,227.802,167.894
2023-06-03,30529.0,5251.0,18936.0,7097.0,200.115,183.888
2023-06-04,34106.0,2967.0,17832.0,5652.0,202.273,165.991
2023-06-05,30054.0,2669.0,17957.0,4328.0,183.045,157.889
2023-06-06,25755.0,3541.0,20675.0,5160.0,166.237,181.233
2023-06-07,27759.0,3961.0,18659.0,5489.0,171.335,174.616
2023-06-08,30548.0,2621.0,20073.0,5873.0,184.457,183.322
2023-06-09,34022.0,5153.0,19223.0,5870.0,217.923,176.743
2023-06-10,34864.0,4179.0,19378.0,5922.0,220.704,180.846
2023-06-11,33627.0,4498.0,19653.0,5602.0,220.073,176.018
2023-06-12,29315.0,4970.0,19273.0,5988.0,192.97,180.603
2023-06-13,24609.0,3340.0,19666.0,5674.0,157.271,184.747
2023-06-14,27073.0,3695.0,19036.0,7127.0,170.91,187.758
2023-06-15,29664.0,3797.0,20877.0,4505.0,186.44,180.974
2023-06-16,32782.0,4120.0,18960.0,5406.0,200.108,174.801
2023-06-17,36022.0,3904.0,18952.0,7014.0,223.749,188.383
2023-06-18,34412.0,4573.0,17343.0,5881.0,211.966,163.866
2023-06-19,29420.0,4075.0,19615.0,4396.0,189.696,168.673
2023-06-20,26249.0,4370.0,20389.0,4431.0,176.238,172.472
2023-06-21,25132.0,2552.0,17997.0,6218.0,155.215,173.709
2023-06-22,31181.0,3695.0,21437.0,5390.0,194.791,193.833
2023-06-23,34274.0,5192.0,18333.0,5771.0,217.755,171.756
2023-06-24,35576.0,5325.0,18883.0,4206.0,230.615,166.669
2023-06-25,34033.0,3094.0,18976.0,7212.0,207.669,189.505
2023-06-26,30509.0,4637.0,20090.0,6661.0,201.35,188.749
2023-06-27,28005.0,4510.0,17094.0,3108.0,181.298,144.045
2023-06-28,26224.0,3688.0,18978.0,5006.0,167.755,172.339
2023-06-29,29632.0,3360.0,19424.0,4937.0,187.783,177.923
2023-06-30,33542.0,2623.0,20097.0,6287.0,207.108,191.259
2023-07-01,37046.0,5776.0,19772.0,4168.0,241.375,169.987
2023-07-02,33401.0,2614.0,19686.0,4134.0,203.922,169.054
2023-07-03,28724.0,3176.0,19678.0,2512.0,180.956,163.006
2023-07-04,27914.0,4407.0,19652.0,5196.0,179.823,171.871
2023-07-05,27720.0,4038.0,18572.0,5556.0,176.732,170.758
2023-07-06,28112.0,1697.0,18604.0,4247.0,166.674,163.349
2023-07-07,34557.0,5961.0,19145.0,7347.0,230.029,186.459
2023-07-08,38279.0,5064.0,16898.0,5873.0,246.164,164.753
2023-07-09,34725.0,5013.0,19837.0,5975.0,219.939,189.814
2023-07-10,30175.0,3954.0,18001.0,6955.0,191.505,177.39
2023-07-11,27610.0,4299.0,17524.0,5412.0,179.182,166.169
2023-07-12,25124.0,3561.0,18549.0,4109.0,162.874,153.62
2023-07-13,29617.0,3639.0,18627.0,5616.0,179.4,172.329
2023-07-14,34995.0,4568.0,17318.0,7202.0,226.752,174.99
2023-07-15,36919.0,4358.0,19268.0,5969.0,231.535,178.003
2023-07-16,35019.0,1943.0,19759.0,2244.0,214.511,159.04
2023-07-17,30793.0,3616.0,17764.0,6174.0,186.303,169.407
2023-07-18,29532.0,2800.0,18533.0,4830.0,185.595,165.352
2023-07-19,24625.0,3590.0,18248.0,5949.0,157.086,170.838
2023-07-20,31881.0,3293.0,18545.0,4334.0,197.92,164.761
2023-07-21,32770.0,4276.0,20015.0,6091.0,209.706,192.116
2023-07-22,36474.0,4389.0,19555.0,4171.0,220.108,166.956
2023-07-23,34027.0,5241.0,19300.0,8849.0,224.907,196.504
2023-07-24,31875.0,3809.0,18887.0,5514.0,192.999,176.122
2023-07-25,27605.0,2506.0,20043.0,5551.0,166.687,181.776
2023-07-26,29270.0,4237.0,18793.0,4213.0,184.334,165.014
2023-07-27,34441.0,3787.0,20698.0,4392.0,217.223,177.516
2023-07-28,34393.0,5288.0,19568.0,5363.0,221.965,172.763
2023-07-29,36828.0,4080.0,19907.0,6686.0,234.086,186.488
2023-07-30,37332.0,4349.0,19169.0,4832.0,236.505,172.325
2023-07-31,30141.0,3702.0,20022.0,3816.0,189.284,168.813
2023-08-01,23985.0,2794.0,19708.0,4903.0,152.534,172.239
2023-08-02,28168.0,1551.0,19437.0,4695.0,163.983,170.245
2023-08-03,27315.0,3799.0,20567.0,4752.0,172.744,182.452
2023-08-04,30500.0,5476.0,19032.0,6885.0,200.155,187.575
2023-08-05,33790.0,4006.0,19313.0,5035.0,213.751,177.8
2023-08-06,33904.0,4983.0,17854.0,6810.0,219.333,173.999
2023-08-07,30906.0,4595.0,20298.0,6408.0,196.014,183.856
2023-08-08,29423.0,4152.0,19061.0,3017.0,191.206,154.052
2023-08-09,27635.0,3358.0,19178.0,3700.0,176.362,163.06
2023-08-10,31125.0,4106.0,20423.0,3798.0,200.087,169.702
2023-08-11,37541.0,6125.0,20325.0,5349.0,239.969,180.589
2023-08-12,38344.0,4896.0,20093.0,6001.0,236.228,178.916
2023-08-13,33630.0,4507.0,20278.0,4339.0,221.475,178.976
2023-08-14,29611.0,3569.0,19482.0,5885.0,189.34,177.984
2023-08-15,26728.0,2986.0,17271.0,5879.0,164.948,164.374
2023-08-16,26173.0,2652.0,18013.0,5928.0,155.899,173.908
2023-08-17,28760.0,4474.0,21232.0,4811.0,190.355,188.768
2023-08-18,33531.0,4622.0,19811.0,4337.0,207.32,174.063
2023-08-19,35566.0,3570.0,18886.0,6269.0,219.894,175.691
2023-08-20,35380.0,3519.0,19185.0,5273.0,226.163,171.566
2023-08-21,31620.0,5032.0,20359.0,3652.0,207.36,170.606
2023-08-22,26969.0,2781.0,18414.0,1116.0,164.071,145.227
2023-08-23,27676.0,2803.0,18724.0,4715.0,173.466,169.075
2023-08-24,30949.0,3506.0,19643.0,8596.0,186.894,197.136
2023-08-25,36726.0,4619.0,18891.0,6052.0,230.61,178.296
2023-08-26,36621.0,4962.0,17834.0,5405.0,230.841,164.143
2023-08-27,31311.0,3722.0,20203.0,7730.0,195.508,196.391
2023-08-28,29365.0,5257.0,19355.0,3520.0,196.954,161.909
2023-08-29,29336.0,4960.0,19216.0,6628.0,196.251,190.186
2023-08-30,26298.0,3877.0,18082.0,4734.0,171.805,157.273
2023-08-31,28121.0,3849.0,19003.0,6752.0,181.759,185.078
2023-09-01,35630.0,4538.0,18811.0,5219.0,227.395,166.842
2023-09-02,33771.0,3687.0,19779.0,5592.0,205.399,182.079
2023-09-03,31741.0,4579.0,19442.0,4458.0,203.969,169.446
2023-09-04,29072.0,4466.0,17832.0,7106.0,184.777,175.567
2023-09-05,28988.0,2054.0,18709.0,4400.0,175.288,164.057
2023-09-06,26802.0,4204.0,18469.0,6764.0,175.15,178.591
2023-09-07,32227.0,2943.0,19619.0,6080.0,198.592,184.853
2023-09-08,34054.0,3298.0,19654.0,7968.0,219.07,197.462
2023-09-09,36950.0,4045.0,20975.0,3496.0,233.152,171.99
2023-09-10,36462.0,4999.0,18436.0,5697.0,248.612,170.735
2023-09-11,29978.0,3389.0,19954.0,4333.0,189.294,176.366
2023-09-12,26445.0,4197.0,18784.0,6802.0,175.202,186.283
2023-09-13,25643.0,3039.0,19055.0,6970.0,165.397,189.501
2023-09-14,30141.0,4432.0,19379.0,6426.0,197.984,188.474
2023-09-15,32257.0,2919.0,18828.0,3532.0,200.92,163.516
2023-09-16,33598.0,4668.0,19725.0,6025.0,223.664,185.744
2023-09-17,34574.0,3072.0,18184.0,5601.0,212.19,167.55
2023-09-18,31280.0,4359.0,19679.0,5084.0,200.387,179.438
2023-09-19,27351.0,2718.0,18954.0,5117.0,178.875,176.637
2023-09-20,28616.0,2565.0,19238.0,5901.0,173.857,180.676
2023-09-21,32345.0,3194.0,20196.0,6148.0,194.463,188.769
2023-09-22,34657.0,4136.0,18299.0,6041.0,220.475,174.633
2023-09-23,36659.0,4314.0,20944.0,6364.0,229.049,194.049
2023-09-24,31648.0,3666.0,21456.0,5662.0,200.09,193.341
2023-09-25,29753.0,4865.0,19601.0,3560.0,195.942,168.835
2023-09-26,26295.0,5087.0,19284.0,5822.0,183.216,182.594
2023-09-27,29563.0,2908.0,19601.0,5821.0,188.873,180.744
2023-09-28,27551.0,3463.0,20092.0,4733.0,177.365,172.141
2023-09-29,34377.0,4154.0,19584.0,4081.0,219.419,171.37
2023-09-30,36456.0,3942.0,19565.0,5778.0,229.856,182.55
2023-10-01,38295.0,3439.0,19615.0,5296.0,237.36,179.991
2023-10-02,31390.0,2980.0,19149.0,4798.0,196.383,176.628
2023-10-03,26153.0,2173.0,18141.0,4890.0,162.64,165.964
2023-10-04,25373.0,4293.0,20664.0,4840.0,164.993,185.772
2023-10-05,30494.0,3886.0,21550.0,4660.0,200.361,191.756
2023-10-06,33705.0,5623.0,20305.0,5905.0,222.176,187.283
2023-10-07,39601.0,5836.0,20529.0,5792.0,262.015,195.815
2023-10-08,35713.0,5193.0,19092.0,5627.0,230.083,178.434
2023-10-09,33407.0,5222.0,17562.0,3737.0,220.735,152.963
2023-10-10,25118.0,2250.0,21406.0,3631.0,153.705,174.72
2023-10-11,29016.0,2501.0,20124.0,4277.0,180.74,178.31
2023-10-12,29826.0,4135.0,21235.0,4727.0,198.503,186.823
2023-10-13,35208.0,5655.0,19632.0,5734.0,238.521,186.429
2023-10-14,39386.0,4587.0,20921.0,8834.0,250.092,208.819
2023-10-15,34619.0,4971.0,19759.0,7109.0,220.027,195.015
2023-10-16,31312.0,4092.0,19723.0,6778.0,201.58,194.932
2023-10-17,27808.0,1933.0,19925.0,5781.0,170.644,185.584
2023-10-18,25975.0,3666.0,21996.0,5514.0,170.636,186.494
2023-10-19,28968.0,5918.0,21485.0,6413.0,196.605,201.029
2023-10-20,35480.0,6273.0,21178.0,6986.0,236.486,202.643
2023-10-21,37393.0,4730.0,20601.0,7063.0,247.432,201.563
2023-10-22,36204.0,5303.0,21332.0,3670.0,226.914,183.133
2023-10-23,31378.0,5747.0,22118.0,5099.0,206.279,192.31
2023-10-24,30474.0,4913.0,21693.0,5103.0,199.723,194.814
2023-10-25,28416.0,4267.0,21381.0,7084.0,182.182,207.547
2023-10-26,29501.0,4028.0,20108.0,6957.0,189.725,197.67
2023-10-27,34216.0,4765.0,21092.0,4516.0,226.448,182.697
2023-10-28,37125.0,2895.0,22446.0,7477.0,231.176,215.83
2023-10-29,33751.0,3458.0,22140.0,4024.0,209.459,189.678
2023-10-30,30457.0,3547.0,22204.0,6340.0,195.048,205.608
2023-10-31,25872.0,3234.0,22832.0,6441.0,160.624,203.412
2023-11-01,26983.0,3631.0,21860.0,4457.0,172.927,185.53
2023-11-02,29453.0,5322.0,22229.0,5797.0,202.291,200.617
2023-11-03,37417.0,4854.0,22565.0,5904.0,246.544,209.258
2023-11-04,38590.0,4159.0,22284.0,7031.0,246.634,208.82
2023-11-05,35467.0,5088.0,22645.0,6290.0,236.214,208.421
2023-11-06,34065.0,3628.0,22016.0,6290.0,208.719,207.146
2023-11-07,27871.0,3638.0,23050.0,4902.0,180.11,200.379
2023-11-08,30655.0,3329.0,23317.0,9055.0,187.029,230.022
2023-11-09,31287.0,4773.0,23304.0,6695.0,203.553,214.494
2023-11-10,33145.0,5735.0,23627.0,5705.0,231.631,210.396
2023-11-11,36158.0,3649.0,24354.0,7961.0,229.243,236.68
2023-11-12,35128.0,4486.0,22522.0,7657.0,224.622,219.418
2023-11-13,32833.0,3604.0,23269.0,6987.0,210.07,217.306
2023-11-14,30621.0,3920.0,25054.0,5546.0,194.639,226.969
2023-11-15,29817.0,2851.0,23484.0,6472.0,189.084,215.274
2023-11-16,31576.0,4013.0,24863.0,5752.0,204.491,219.764
2023-11-17,37832.0,3979.0,24961.0,6881.0,236.368,227.884
2023-11-18,38918.0,5263.0,23298.0,7605.0,254.251,221.164
2023-11-19,36114.0,4967.0,23280.0,4461.0,237.006,202.973
2023-11-20,32856.0,3653.0,24810.0,7381.0,203.722,235.96
2023-11-21,30099.0,2609.0,23835.0,7110.0,180.707,221.94
2023-11-22,27478.0,2112.0,24250.0,7617.0,169.366,229.444
2023-11-23,34137.0,5160.0,22309.0,8150.0,216.977,226.649
2023-11-24,38971.0,4127.0,26867.0,7995.0,243.732,243.669
2023-11-25,39197.0,5161.0,24328.0,6578.0,261.843,229.564
2023-11-26,35932.0,4156.0,25186.0,6582.0,228.864,228.854
2023-11-27,35372.0,5466.0,25323.0,7160.0,233.276,235.312
2023-11-28,30616.0,3841.0,27983.0,7079.0,197.152,259.826
2023-11-29,30784.0,4536.0,25210.0,7004.0,208.928,234.834
2023-11-30,37165.0,4270.0,27562.0,7343.0,231.88,255.7
2023-12-01,36363.0,4463.0,26487.0,7119.0,232.526,243.745
2023-12-02,39717.0,4884.0,26869.0,9023.0,260.873,265.003
2023-12-03,40929.0,4274.0,27391.0,7781.0,269.374,264.971
2023-12-04,33835.0,5027.0,28161.0,7279.0,226.452,262.852
2023-12-05,31922.0,3364.0,28004.0,7213.0,207.805,264.45
2023-12-06,30724.0,5237.0,30148.0,7268.0,204.071,275.9
2023-12-07,33982.0,3784.0,28292.0,7249.0,219.468,259.53
2023-12-08,37915.0,5525.0,30634.0,8224.0,251.489,289.864
2023-12-09,42621.0,4882.0,30421.0,7281.0,273.399,281.567
2023-12-10,39864.0,3632.0,30758.0,7900.0,251.677,279.865
2023-12-11,36198.0,4782.0,31110.0,9125.0,229.482,299.373
2023-12-12,33415.0,3201.0,31166.0,10841.0,215.907,312.947
2023-12-13,33789.0,5410.0,32345.0,9770.0,224.323,311.824
2023-12-14,39070.0,5496.0,30993.0,9325.0,261.223,297.132
2023-12-15,40943.0,6134.0,33018.0,9854.0,268.085,311.917
2023-12-16,45612.0,5461.0,35447.0,8882.0,289.24,327.97
2023-12-17,41198.0,4772.0,35593.0,7915.0,265.504,319.752
2023-12-18,40437.0,4502.0,32531.0,7990.0,260.804,304.311
2023-12-19,33890.0,5153.0,35790.0,8667.0,227.76,336.852
2023-12-20,36366.0,5976.0,36086.0,10004.0,245.204,339.482
2023-12-21,38406.0,7819.0,36020.0,9188.0,268.696,340.89
2023-12-22,44319.0,4645.0,36168.0,9546.0,284.003,346.967
2023-12-23,48240.0,5684.0,36179.0,8432.0,319.149,341.719
2023-12-24,42140.0,6694.0,37778.0,11510.0,278.817,367.958
2023-12-25,39742.0,4858.0,36861.0,13189.0,259.162,369.522
2023-12-26,31585.0,4126.0,22045.0,4985.0,206.637,197.237
2023-12-27,31124.0,3069.0,20883.0,5681.0,194.771,192.481
2023-12-28,34943.0,4302.0,21859.0,5197.0,227.984,199.053
2023-12-29,38689.0,5649.0,21880.0,4918.0,251.509,196.865
2023-12-30,41150.0,5102.0,21837.0,4410.0,252.915,192.74
2023-12-31,40836.0,6549.0,22389.0,5904.0,275.999,203.432
